{
  "accuracy": [
    0.1607142835855484,
    0.1875
  ],
  "loss": [
    2.6359851360321045,
    2.1864168643951416
  ],
  "val_accuracy": [
    1.0,
    1.0
  ],
  "val_loss": [
    1.7441684007644653,
    1.564477562904358
  ]
}