{
  "accuracy": [
    0.1964285671710968,
    0.25,
    0.2946428656578064,
    0.2232142835855484,
    0.4375,
    0.5267857313156128,
    0.6607142686843872,
    0.6517857313156128,
    0.7946428656578064,
    0.8571428656578064,
    0.9017857313156128,
    0.8928571343421936,
    0.9732142686843872,
    0.9642857313156128,
    0.9642857313156128,
    0.9732142686843872,
    0.9910714030265808,
    1.0,
    1.0,
    0.9821428656578064
  ],
  "loss": [
    2.79675030708313,
    2.1904616355895996,
    1.991517186164856,
    1.8599615097045898,
    1.4833059310913086,
    1.3768757581710815,
    1.1640089750289917,
    1.085837960243225,
    0.9357544183731079,
    0.7576718926429749,
    0.6351906061172485,
    0.5820041298866272,
    0.37331604957580566,
    0.3514871597290039,
    0.3089871108531952,
    0.2714036703109741,
    0.223904088139534,
    0.15947775542736053,
    0.14460866153240204,
    0.14456667006015778
  ],
  "val_accuracy": [
    1.0,
    1.0,
    1.0,
    1.0,
    1.0,
    1.0,
    1.0,
    1.0,
    1.0,
    1.0,
    1.0,
    1.0,
    1.0,
    1.0,
    1.0,
    1.0,
    1.0,
    1.0,
    1.0,
    1.0
  ],
  "val_loss": [
    1.797151803970337,
    1.5785249471664429,
    1.4426686763763428,
    1.2814313173294067,
    0.8972216248512268,
    0.8433996438980103,
    0.5900138020515442,
    0.5388451814651489,
    0.5915318131446838,
    0.5522937774658203,
    0.38597241044044495,
    0.37890368700027466,
    0.2619885802268982,
    0.06784926354885101,
    0.04966988041996956,
    0.027767134830355644,
    0.006019003223627806,
    0.00644901767373085,
    0.01943960227072239,
    0.003951146267354488
  ]
}