accuracy,loss,val_accuracy,val_loss
0.1428571492433548,2.72121262550354,1.0,1.6352851390838623
0.1875,2.3389174938201904,1.0,1.3483541011810303
