{
  "accuracy": [
    0.1339285671710968,
    0.1160714253783226,
    0.1696428507566452,
    0.1517857164144516,
    0.1875
  ],
  "loss": [
    2.74460768699646,
    2.5149199962615967,
    2.379436731338501,
    2.417678117752075,
    2.263441562652588
  ],
  "val_accuracy": [
    1.0,
    1.0,
    1.0,
    1.0,
    1.0
  ],
  "val_loss": [
    1.8851584196090698,
    1.8352724313735962,
    1.8007980585098267,
    1.757723093032837,
    1.7135655879974365
  ]
}