accuracy,loss,val_accuracy,val_loss
0.125,2.4619288444519043,1.0,1.6959012746810913
