{
  "accuracy": [
    0.1339285671710968,
    0.1875,
    0.2589285671710968
  ],
  "loss": [
    2.689758539199829,
    2.4856231212615967,
    2.2791249752044678
  ],
  "val_accuracy": [
    1.0,
    1.0,
    1.0
  ],
  "val_loss": [
    1.864890694618225,
    1.7748535871505737,
    1.724253535270691
  ]
}