{
  "accuracy": [
    0.125
  ],
  "loss": [
    2.4619288444519043
  ],
  "val_accuracy": [
    1.0
  ],
  "val_loss": [
    1.6959012746810913
  ]
}