{
  "accuracy": [
    0.13375000655651093,
    0.13875000178813934,
    0.15125000476837158,
    0.1537500023841858,
    0.13375000655651093,
    0.1287499964237213,
    0.17249999940395355,
    0.16124999523162842,
    0.16500000655651093,
    0.14624999463558197,
    0.14875000715255737
  ],
  "loss": [
    3.0282320976257324,
    2.80488657951355,
    2.669700860977173,
    2.5497491359710693,
    2.6211349964141846,
    2.5512266159057617,
    2.405914306640625,
    2.4828579425811768,
    2.3900482654571533,
    2.402452230453491,
    2.428906202316284
  ],
  "val_accuracy": [
    0.14499999582767487,
    0.14499999582767487,
    0.14499999582767487,
    0.15000000596046448,
    0.15000000596046448,
    0.15000000596046448,
    0.15000000596046448,
    0.15000000596046448,
    0.15000000596046448,
    0.15000000596046448,
    0.15000000596046448
  ],
  "val_loss": [
    2.0083892345428467,
    2.086806297302246,
    2.1706855297088623,
    2.261482000350952,
    2.7735769748687744,
    3.3252053260803223,
    3.693692684173584,
    4.176154613494873,
    4.266451835632324,
    4.623897075653076,
    5.237960338592529
  ],
  "learning_rate": [
    0.0010000000474974513,
    0.0010000000474974513,
    0.0010000000474974513,
    0.0010000000474974513,
    0.0010000000474974513,
    0.0010000000474974513,
    0.0005000000237487257,
    0.0005000000237487257,
    0.0005000000237487257,
    0.0005000000237487257,
    0.0005000000237487257
  ]
}