accuracy,loss,val_accuracy,val_loss
0.1607142835855484,2.6359851360321045,1.0,1.7441684007644653
0.1875,2.1864168643951416,1.0,1.564477562904358
