accuracy,loss,val_accuracy,val_loss
0.1964285671710968,2.5203464031219482,1.0,1.815875768661499
0.2589285671710968,2.1014699935913086,1.0,1.6567747592926025
