{
  "accuracy": [
    0.1428571492433548,
    0.1875
  ],
  "loss": [
    2.72121262550354,
    2.3389174938201904
  ],
  "val_accuracy": [
    1.0,
    1.0
  ],
  "val_loss": [
    1.6352851390838623,
    1.3483541011810303
  ]
}