{
  "accuracy": [
    0.1964285671710968,
    0.2589285671710968
  ],
  "loss": [
    2.5203464031219482,
    2.1014699935913086
  ],
  "val_accuracy": [
    1.0,
    1.0
  ],
  "val_loss": [
    1.815875768661499,
    1.6567747592926025
  ]
}