{
  "accuracy": [
    0.8436965346336365,
    0.9995925426483154,
    0.999918520450592,
    1.0,
    1.0,
    1.0,
    1.0,
    1.0,
    1.0,
    1.0,
    1.0,
    1.0,
    1.0,
    1.0,
    1.0,
    1.0,
    1.0,
    1.0,
    1.0,
    1.0
  ],
  "loss": [
    0.5866467356681824,
    0.014144414104521275,
    0.0038333504926413298,
    0.0016771185910329223,
    0.0010851311963051558,
    0.0007363889599218965,
    0.0004977880162186921,
    0.00037251156754791737,
    0.00024674987071193755,
    0.0002102153521263972,
    0.00013783981557935476,
    8.200381853384897e-05,
    7.094135071383789e-05,
    6.379123806254938e-05,
    4.96435422974173e-05,
    4.98288354719989e-05,
    2.9575439839391038e-05,
    2.217695873696357e-05,
    1.713122401270084e-05,
    1.359702946501784e-05
  ],
  "val_accuracy": [
    1.0,
    1.0,
    1.0,
    1.0,
    1.0,
    1.0,
    1.0,
    1.0,
    1.0,
    1.0,
    1.0,
    1.0,
    1.0,
    1.0,
    1.0,
    1.0,
    1.0,
    1.0,
    1.0,
    1.0
  ],
  "val_loss": [
    0.003176602767780423,
    0.001901845564134419,
    0.0006841191207058728,
    0.0003852490917779505,
    0.00024489674251526594,
    0.0001798937882995233,
    0.00011447170982137322,
    8.81403757375665e-05,
    5.311873974278569e-05,
    3.535305950208567e-05,
    3.7695815990446135e-05,
    1.9646637156256475e-05,
    1.6240455806837417e-05,
    1.6304275050060824e-05,
    1.389737008139491e-05,
    8.38731193653075e-06,
    5.744006102759158e-06,
    4.647315108741168e-06,
    3.2878051570151e-06,
    2.67649261331826e-06
  ]
}