{"accuracy": [0.21643780171871185, 0.3033408522605896, 0.36113956570625305, 0.4004918932914734, 0.4341053366661072, 0.2106989175081253, 0.22873540222644806, 0.2529206871986389, 0.27300676703453064, 0.2881737947463989, 0.3025210201740265, 0.3068251609802246, 0.3113342821598053, 0.32916581630706787, 0.3191227614879608, 0.3402336537837982, 0.34064358472824097, 0.34330806136131287], "loss": [2.158162832260132, 1.8065567016601562, 1.6614971160888672, 1.584464192390442, 1.504923939704895, 2.172455310821533, 2.058704137802124, 2.006159543991089, 1.9262691736221313, 1.88886559009552, 1.8269460201263428, 1.7984436750411987, 1.7846518754959106, 1.7622069120407104, 1.7604913711547852, 1.7256289720535278, 1.6977319717407227, 1.710663914680481], "val_accuracy": [0.28688523173332214, 0.33114755153656006, 0.34918034076690674, 0.3573770523071289, 0.3581967353820801, 0.3688524663448334, 0.3426229655742645, 0.33114755153656006, 0.32868853211402893, 0.33442622423171997, 0.3262295126914978, 0.32131147384643555, 0.3196721374988556, 0.3229508101940155, 0.3229508101940155, 0.33278688788414, 0.32540982961654663, 0.32540982961654663], "val_loss": [1.804323673248291, 1.734358787536621, 1.7053288221359253, 1.6822137832641602, 1.666819453239441, 1.6822565793991089, 1.7100833654403687, 1.733798623085022, 1.748142123222351, 1.7581498622894287, 1.7635774612426758, 1.7716008424758911, 1.7736250162124634, 1.7758255004882812, 1.7762634754180908, 1.77700674533844, 1.782971739768982, 1.7853599786758423], "learning_rate": [9.999999747378752e-05, 9.999999747378752e-05, 9.999999747378752e-05, 9.999999747378752e-05, 9.999999747378752e-05, 9.999999747378752e-06, 9.999999747378752e-06, 9.999999747378752e-06, 9.999999747378752e-06, 9.999999747378752e-06, 9.999999747378752e-06, 4.999999873689376e-06, 4.999999873689376e-06, 4.999999873689376e-06, 4.999999873689376e-06, 4.999999873689376e-06, 2.499999936844688e-06, 2.499999936844688e-06]}